,FrameNumber,sigmaX,sigmaY
0,0.0,6.129951999999999,2.666545
1,1.0,6.074699,2.700024
2,2.0,6.137465,2.714974
3,3.0,6.283947,2.7094810000000003
4,4.0,6.582914000000001,2.9872294999999998
5,5.0,6.376149,2.8037650000000003
6,6.0,6.154871,2.658805
7,7.0,6.1610655,2.6426955000000003
8,8.0,6.189895,2.6547609999999997
9,9.0,6.123327,2.667093
10,10.0,6.1610655,2.6426955000000003
11,11.0,6.189895,2.6547609999999997
12,12.0,5.975422,2.559328
13,13.0,6.1610655,2.6426955000000003
14,14.0,6.189895,2.6547609999999997
15,15.0,6.012485,2.5638615
16,16.0,5.9168535,2.5078945
17,17.0,5.904767,2.4911235
18,18.0,6.0004335,2.5469904999999997
19,19.0,5.9168535,2.5078945
20,20.0,5.904767,2.4911235
21,21.0,5.945296,2.517713
22,22.0,5.9168535,2.5078945
23,23.0,5.904767,2.4911235
24,24.0,5.948799,2.512781
25,25.0,7.8251800000000005,4.220669
26,26.0,7.9097565,4.253068
27,27.0,5.7325325,2.423213
28,28.0,7.8251800000000005,4.220669
29,29.0,7.9097565,4.253068
30,30.0,5.817056000000001,2.411722
31,31.0,5.843045,2.4461085000000002
32,32.0,5.711697,2.414246
33,33.0,5.721787,2.3860419999999998
34,34.0,5.843045,2.4461085000000002
35,35.0,5.711697,2.414246
36,36.0,5.709986,2.393862
37,37.0,5.843045,2.4461085000000002
38,38.0,5.711697,2.414246
39,39.0,5.616637,2.336826
40,40.0,5.655252,2.3488105
41,41.0,5.602582,2.324909
42,42.0,5.600464,2.3289720000000003
43,43.0,5.655252,2.3488105
44,44.0,5.602582,2.324909
45,45.0,5.5812040000000005,2.3201080000000003
46,46.0,5.655252,2.3488105
47,47.0,5.602582,2.324909
48,48.0,5.4302765,2.2614735
49,49.0,5.475002,2.253526
50,50.0,5.4128865,2.2372815
51,51.0,5.514936499999999,2.2215475
52,52.0,5.475002,2.253526
53,53.0,5.4128865,2.2372815
54,54.0,5.3353945,2.1581605
55,55.0,5.475002,2.253526
56,56.0,5.4128865,2.2372815
57,57.0,5.505955,2.2489619999999997
58,58.0,6.575696000000001,3.973732
59,59.0,7.2400910000000005,3.616689
60,60.0,5.21715,2.132329
61,61.0,6.575696000000001,3.973732
62,62.0,7.2400910000000005,3.616689
63,63.0,5.1984010000000005,2.1096465
64,64.0,5.240958,2.1629959999999997
65,65.0,5.3363755,2.169153
66,66.0,5.1984010000000005,2.1096465
67,67.0,5.240958,2.1629959999999997
68,68.0,5.268383,2.151222
69,69.0,5.1984010000000005,2.1096465
70,70.0,5.240958,2.1629959999999997
71,71.0,5.0403275,2.05599
72,72.0,5.0830865,2.0621964999999998
73,73.0,5.1096734999999995,2.083169
74,74.0,5.1134900000000005,2.073105
75,75.0,5.0830865,2.0621964999999998
76,76.0,5.1096734999999995,2.083169
77,77.0,5.069708,2.035821
78,78.0,5.0830865,2.0621964999999998
79,79.0,5.1096734999999995,2.083169
80,80.0,5.093806,2.062087
81,81.0,5.056477,2.037417
82,82.0,5.113173000000001,2.0707715
83,83.0,4.951288,1.992429
84,84.0,5.056477,2.037417
85,85.0,5.113173000000001,2.0707715
86,86.0,4.87697,1.9508880000000002
87,87.0,5.056477,2.037417
88,88.0,5.113173000000001,2.0707715
89,89.0,4.9471050000000005,2.0039599999999997
90,90.0,4.824509,1.9531295000000002
91,91.0,4.951732,1.991687
92,92.0,4.904756000000001,1.9597094999999998
93,93.0,4.824509,1.9531295000000002
94,94.0,4.951732,1.991687
95,95.0,4.791354,1.916407
96,96.0,4.824509,1.9531295000000002
97,97.0,4.951732,1.991687
98,98.0,4.689509,1.866714
99,99.0,3.495571,1.385529
100,100.0,4.2374045,1.6939045
101,101.0,4.7623985,1.8991655
102,102.0,3.495571,1.385529
103,103.0,4.2374045,1.6939045
104,104.0,4.779418,1.8875165000000003
105,105.0,3.495571,1.385529
106,106.0,4.2374045,1.6939045
107,107.0,4.6514370000000005,1.8469689999999999
108,108.0,3.1240740000000002,1.277759
109,109.0,3.107182,1.272565
110,110.0,4.601469,1.826655
111,111.0,3.1240740000000002,1.277759
112,112.0,3.107182,1.272565
113,113.0,4.585468,1.82562
114,114.0,4.680307,1.850524
115,115.0,4.6287865,1.812109
116,116.0,4.707884,1.855447
117,117.0,4.680307,1.850524
118,118.0,4.6287865,1.812109
119,119.0,4.516037,1.7897615000000002
120,120.0,4.680307,1.850524
121,121.0,4.6287865,1.812109
122,122.0,4.542906500000001,1.7853470000000002
123,123.0,4.5587675,1.7914315
124,124.0,4.4928735,1.7830825000000001
125,125.0,4.4273045,1.7644205
126,126.0,4.5587675,1.7914315
127,127.0,4.4928735,1.7830825000000001
128,128.0,4.505988,1.7674945
129,129.0,4.5587675,1.7914315
130,130.0,4.4928735,1.7830825000000001
131,131.0,4.2808295,1.6708969999999999
132,132.0,4.255139,1.6855650000000002
133,133.0,4.27289,1.6833939999999998
134,134.0,4.277923,1.685446
135,135.0,4.255139,1.6855650000000002
136,136.0,4.27289,1.6833939999999998
137,137.0,4.31801,1.7204115
138,138.0,4.255139,1.6855650000000002
139,139.0,4.27289,1.6833939999999998
140,140.0,4.390421,1.724477
141,141.0,4.303761,1.694343
142,142.0,4.421267,1.754178
143,143.0,4.087116,1.6435395000000002
144,144.0,4.303761,1.694343
145,145.0,4.421267,1.754178
146,146.0,4.185644,1.6582530000000002
147,147.0,4.303761,1.694343
148,148.0,4.421267,1.754178
149,149.0,4.237237,1.671788
150,150.0,4.177887,1.6483919999999999
151,151.0,4.140443,1.628409
152,152.0,4.209864,1.6497964999999999
153,153.0,4.177887,1.6483919999999999
154,154.0,4.140443,1.628409
155,155.0,4.0525044999999995,1.6099655
156,156.0,4.177887,1.6483919999999999
157,157.0,4.140443,1.628409
158,158.0,4.011768,1.572489
159,159.0,4.0022845,1.5775595
160,160.0,3.949392,1.556522
161,161.0,4.058061,1.5924550000000002
162,162.0,4.0022845,1.5775595
163,163.0,3.949392,1.556522
164,164.0,4.0704839999999995,1.59802
165,165.0,4.0022845,1.5775595
166,166.0,3.949392,1.556522
167,167.0,3.9077940000000004,1.546395
168,168.0,3.9208860000000003,1.544877
169,169.0,3.836811,1.520958
170,170.0,3.895562,1.5310755
171,171.0,3.9208860000000003,1.544877
172,172.0,3.836811,1.520958
173,173.0,3.837969,1.513968
174,174.0,3.9208860000000003,1.544877
175,175.0,3.836811,1.520958
176,176.0,3.9741929999999996,1.5637045
177,177.0,3.9116355,1.558797
178,178.0,3.9109800000000003,1.531125
179,179.0,3.7013364999999996,1.4622155
180,180.0,3.9116355,1.558797
181,181.0,3.9109800000000003,1.531125
182,182.0,3.8264205000000002,1.5088005
183,183.0,3.9116355,1.558797
184,184.0,3.9109800000000003,1.531125
185,185.0,3.750324,1.472323
186,186.0,4.069054,1.6127129999999998
187,187.0,4.014098000000001,1.596083
188,188.0,3.815171,1.4859930000000001
189,189.0,4.069054,1.6127129999999998
190,190.0,4.014098000000001,1.596083
191,191.0,3.6002989999999997,1.424579
192,192.0,4.069054,1.6127129999999998
193,193.0,4.014098000000001,1.596083
194,194.0,3.5261,1.3939840000000001
195,195.0,1.8702695,1.4466145
196,196.0,1.8371990000000002,1.448267
197,197.0,3.593952,1.4007889999999998
198,198.0,1.8702695,1.4466145
199,199.0,1.8371990000000002,1.448267
200,200.0,3.596264,1.390744
201,201.0,3.5973029999999997,1.387869
202,202.0,3.596264,1.390744
203,203.0,3.448209,1.361219
204,204.0,3.5973029999999997,1.387869
205,205.0,3.596264,1.390744
206,206.0,3.457023,1.3518649999999999
207,207.0,3.5973029999999997,1.387869
208,208.0,3.596264,1.390744
209,209.0,3.395546,1.329877
210,210.0,3.446894,1.3612250000000001
211,211.0,3.376957,1.3313195
212,212.0,3.4343,1.372954
213,213.0,3.446894,1.3612250000000001
214,214.0,3.376957,1.3313195
215,215.0,3.2975190000000003,1.3118379999999998
216,216.0,3.446894,1.3612250000000001
217,217.0,3.376957,1.3313195
218,218.0,3.3357879999999995,1.329358
219,219.0,3.276982,1.320334
220,220.0,3.3625529999999997,1.336735
221,221.0,3.301267,1.3076615
222,222.0,3.276982,1.320334
223,223.0,3.3625529999999997,1.336735
224,224.0,3.2824940000000002,1.3078105
225,225.0,3.276982,1.320334
226,226.0,3.3625529999999997,1.336735
227,227.0,3.212605,1.296398
228,228.0,3.2236155,1.28971
229,229.0,3.1792540000000002,1.278349
230,230.0,3.2278355000000003,1.307697
231,231.0,3.2236155,1.28971
232,232.0,3.1792540000000002,1.278349
233,233.0,3.207478,1.302605
234,234.0,3.2236155,1.28971
235,235.0,3.1792540000000002,1.278349
236,236.0,3.2189430000000003,1.2975775
237,237.0,3.147574,1.2860925
238,238.0,3.228366,1.298866
239,239.0,3.1038,1.277814
240,240.0,3.147574,1.2860925
241,241.0,3.228366,1.298866
242,242.0,3.1099135,1.2692825
243,243.0,3.147574,1.2860925
244,244.0,3.228366,1.298866
245,245.0,3.062237,1.265087
246,246.0,3.1185029999999996,1.278554
247,247.0,3.088213,1.278678
248,248.0,3.088642,1.2737125
249,249.0,3.1185029999999996,1.278554
250,250.0,3.088213,1.278678
251,251.0,3.002786,1.2639369999999999
252,252.0,3.1185029999999996,1.278554
253,253.0,3.088213,1.278678
254,254.0,3.0544395,1.2814155
255,255.0,2.92417,1.2458719999999999
256,256.0,3.005998,1.253393
257,257.0,3.002036,1.2532370000000002
258,258.0,2.92417,1.2458719999999999
259,259.0,3.005998,1.253393
260,260.0,2.959923,1.2441675
261,261.0,2.92417,1.2458719999999999
262,262.0,3.005998,1.253393
263,263.0,2.869318,1.239084
264,264.0,2.211065,1.392663
265,265.0,3.1294,2.635157
266,266.0,2.903339,1.244653
267,267.0,2.211065,1.392663
268,268.0,3.1294,2.635157
269,269.0,2.948693,1.237252
270,270.0,2.211065,1.392663
271,271.0,3.1294,2.635157
272,272.0,2.873399,1.2303359999999999
273,273.0,2.9224300000000003,1.2531085
274,274.0,2.8483885,2.1712925
275,275.0,2.7782020000000003,1.2356935
276,276.0,2.9224300000000003,1.2531085
277,277.0,2.8483885,2.1712925
278,278.0,2.839728,1.2319440000000002
279,279.0,2.804894,1.229629
280,280.0,2.839728,1.2319440000000002
281,281.0,2.787937,1.2428
282,282.0,2.804894,1.229629
283,283.0,2.839728,1.2319440000000002
284,284.0,2.812753,1.2441300000000002
285,285.0,2.804894,1.229629
286,286.0,2.839728,1.2319440000000002
287,287.0,2.7154730000000002,1.2240355
288,288.0,2.7208959999999998,1.229794
289,289.0,2.7105599999999996,1.230436
290,290.0,2.68497,1.230998
291,291.0,2.7208959999999998,1.229794
292,292.0,2.7105599999999996,1.230436
293,293.0,2.7334650000000003,1.22432
294,294.0,2.7208959999999998,1.229794
295,295.0,2.7105599999999996,1.230436
296,296.0,2.761099,1.233876
297,297.0,2.7438285000000002,1.2394825
298,298.0,2.6922875,1.2466585000000001
299,299.0,2.639539,1.225856
300,300.0,2.7438285000000002,1.2394825
301,301.0,2.6922875,1.2466585000000001
302,302.0,2.629032,1.224572
303,303.0,2.7438285000000002,1.2394825
304,304.0,2.6922875,1.2466585000000001
305,305.0,2.6370885,1.2287325
306,306.0,2.6463270000000003,1.2250245
307,307.0,2.6385985,1.228262
308,308.0,2.663462,1.232019
309,309.0,2.6463270000000003,1.2250245
310,310.0,2.6385985,1.228262
311,311.0,2.5585305,1.2512265
312,312.0,2.6463270000000003,1.2250245
313,313.0,2.6385985,1.228262
314,314.0,2.5261869999999997,1.227925
315,315.0,2.518768,1.228958
316,316.0,2.570231,1.2329729999999999
317,317.0,2.580263,1.256312
318,318.0,2.518768,1.228958
319,319.0,2.570231,1.2329729999999999
320,320.0,2.580981,1.2291860000000001
321,321.0,2.518768,1.228958
322,322.0,2.570231,1.2329729999999999
323,323.0,2.44795,1.2383790000000001
324,324.0,2.4600035,1.2502715
325,325.0,2.487977,1.241207
326,326.0,2.4849195,1.2457099999999999
327,327.0,2.4600035,1.2502715
328,328.0,2.487977,1.241207
329,329.0,2.47586,1.248531
330,330.0,2.4600035,1.2502715
331,331.0,2.487977,1.241207
332,332.0,2.4664504999999997,1.2468605
333,333.0,3.2064364999999997,1.2918984999999998
334,334.0,2.558045,1.223971
335,335.0,2.390848,1.2542464999999998
336,336.0,3.2064364999999997,1.2918984999999998
337,337.0,2.558045,1.223971
338,338.0,2.42808,1.2790805
339,339.0,3.2064364999999997,1.2918984999999998
340,340.0,2.558045,1.223971
341,341.0,2.400616,1.243333
342,342.0,4.271230999999999,3.3995879999999996
343,343.0,2.5164,1.2734385000000001
344,344.0,2.3982395,1.2676735
345,345.0,4.271230999999999,3.3995879999999996
346,346.0,2.5164,1.2734385000000001
347,347.0,2.3465775,1.2750065
348,348.0,4.271230999999999,3.3995879999999996
349,349.0,2.5164,1.2734385000000001
350,350.0,2.328762,1.2685085
351,351.0,2.352201,1.276878
352,352.0,3.8520035,1.978631
353,353.0,2.3717295,1.2608295
354,354.0,2.352201,1.276878
355,355.0,3.8520035,1.978631
356,356.0,2.305974,1.2605845000000002
357,357.0,2.317053,1.256346
358,358.0,2.316671,1.252184
359,359.0,2.274893,1.28777
360,360.0,2.317053,1.256346
361,361.0,2.316671,1.252184
362,362.0,2.250122,1.2627
363,363.0,2.317053,1.256346
364,364.0,2.316671,1.252184
365,365.0,2.287766,1.27586
366,366.0,2.249331,1.306816
367,367.0,2.27835,1.2828389999999998
368,368.0,2.2609424999999996,1.2643965000000001
369,369.0,2.249331,1.306816
370,370.0,2.27835,1.2828389999999998
371,371.0,2.1901025,1.3125845
372,372.0,2.249331,1.306816
373,373.0,2.27835,1.2828389999999998
374,374.0,2.170791,1.30244
375,375.0,2.1801630000000003,1.264224
376,376.0,2.154056,1.283183
377,377.0,2.1664405,1.2932335
378,378.0,2.1801630000000003,1.264224
379,379.0,2.154056,1.283183
380,380.0,2.176844,1.29826
381,381.0,2.1801630000000003,1.264224
382,382.0,2.154056,1.283183
383,383.0,2.1127625,1.3226485
384,384.0,2.0980830000000004,1.331256
385,385.0,2.105439,1.3216895
386,386.0,2.09147,1.335863
387,387.0,2.0980830000000004,1.331256
388,388.0,2.105439,1.3216895
389,389.0,2.1030115,1.3135745
390,390.0,2.0980830000000004,1.331256
391,391.0,2.105439,1.3216895
392,392.0,2.1026385000000003,1.3134445
393,393.0,2.081651,1.324897
394,394.0,2.10568,1.3047105
395,395.0,2.07403,1.33402
396,396.0,2.081651,1.324897
397,397.0,2.10568,1.3047105
398,398.0,2.02506,1.323138
399,399.0,2.081651,1.324897
400,400.0,2.10568,1.3047105
401,401.0,2.07367,1.347785
402,402.0,2.2728384999999998,2.0734795
403,403.0,2.1520599999999996,1.301991
404,404.0,2.0909619999999998,1.306612
405,405.0,2.2728384999999998,2.0734795
406,406.0,2.1520599999999996,1.301991
407,407.0,1.9733990000000001,1.3721225
408,408.0,2.2728384999999998,2.0734795
409,409.0,2.1520599999999996,1.301991
410,410.0,1.9731969999999999,1.3535184999999998
411,411.0,1.971634,1.363982
412,412.0,1.999872,1.373037
413,413.0,1.989464,1.378004
414,414.0,1.971634,1.363982
415,415.0,1.999872,1.373037
416,416.0,1.939923,1.3652959999999998
417,417.0,1.942977,1.3621595
418,418.0,1.9367945,1.3645990000000001
419,419.0,1.929361,1.379726
420,420.0,1.942977,1.3621595
421,421.0,1.9367945,1.3645990000000001
422,422.0,1.927613,1.39
423,423.0,1.942977,1.3621595
424,424.0,1.9367945,1.3645990000000001
425,425.0,1.9068545000000001,1.388004
426,426.0,1.8909345,1.398701
427,427.0,1.8905395,1.3976655
428,428.0,1.872555,1.4138190000000002
429,429.0,1.8909345,1.398701
430,430.0,1.8905395,1.3976655
431,431.0,1.823225,1.443976
432,432.0,1.8909345,1.398701
433,433.0,1.8905395,1.3976655
434,434.0,1.825827,1.4233555
435,435.0,1.8541845000000001,1.430228
436,436.0,1.8159049999999999,1.4387735
437,437.0,1.828483,1.4357520000000001
438,438.0,1.8541845000000001,1.430228
439,439.0,1.8159049999999999,1.4387735
440,440.0,1.8857720000000002,1.401469
441,441.0,1.8541845000000001,1.430228
442,442.0,1.8159049999999999,1.4387735
443,443.0,1.76833,1.483079
444,444.0,1.784931,1.457235
445,445.0,1.795829,1.4559525
446,446.0,1.7759040000000001,1.454192
447,447.0,1.784931,1.457235
448,448.0,1.795829,1.4559525
449,449.0,1.770134,1.470232
450,450.0,1.784931,1.457235
451,451.0,1.795829,1.4559525
452,452.0,1.757212,1.476918
453,453.0,1.7824259999999998,1.461751
454,454.0,1.7606725,1.4746435
455,455.0,1.722489,1.503708
456,456.0,1.7824259999999998,1.461751
457,457.0,1.7606725,1.4746435
458,458.0,1.757641,1.479484
459,459.0,1.7824259999999998,1.461751
460,460.0,1.7606725,1.4746435
461,461.0,1.6771565000000002,1.5192990000000002
462,462.0,1.301534,1.848898
463,463.0,2.005045,2.002769
464,464.0,1.738588,1.5118165000000001
465,465.0,1.301534,1.848898
466,466.0,2.005045,2.002769
467,467.0,1.6726150000000002,1.5177065
468,468.0,1.301534,1.848898
469,469.0,2.005045,2.002769
470,470.0,1.6988050000000001,1.5274255
471,471.0,2.0233815,1.4737445
472,472.0,1.9135650000000002,2.065715
473,473.0,1.6702265,1.535968
474,474.0,2.0233815,1.4737445
475,475.0,1.9135650000000002,2.065715
476,476.0,1.672578,1.530049
477,477.0,1.6887824999999999,1.530794
478,478.0,1.673341,1.534892
479,479.0,1.620039,1.5856135
480,480.0,1.6887824999999999,1.530794
481,481.0,1.673341,1.534892
482,482.0,1.620581,1.571579
483,483.0,1.6887824999999999,1.530794
484,484.0,1.673341,1.534892
485,485.0,1.6096355,1.572931
486,486.0,1.6003660000000002,1.5835394999999999
487,487.0,1.5999895,1.607018
488,488.0,1.611704,1.573313
489,489.0,1.6003660000000002,1.5835394999999999
490,490.0,1.5999895,1.607018
491,491.0,1.5612949999999999,1.6180635
492,492.0,1.6003660000000002,1.5835394999999999
493,493.0,1.5999895,1.607018
494,494.0,1.536109,1.613773
495,495.0,1.5528600000000001,1.615853
496,496.0,1.5420989999999999,1.6026719999999999
497,497.0,1.5630640000000002,1.604956
498,498.0,1.5528600000000001,1.615853
499,499.0,1.5420989999999999,1.6026719999999999
500,500.0,1.529391,1.629594
501,501.0,1.5528600000000001,1.615853
502,502.0,1.5420989999999999,1.6026719999999999
503,503.0,1.5071615,1.6616985
504,504.0,1.505765,1.6664259999999997
505,505.0,1.5336604999999999,1.6320055
506,506.0,1.5082689999999999,1.685687
507,507.0,1.505765,1.6664259999999997
508,508.0,1.5336604999999999,1.6320055
509,509.0,1.504915,1.63897
510,510.0,1.505765,1.6664259999999997
511,511.0,1.5336604999999999,1.6320055
512,512.0,1.479059,1.651494
513,513.0,1.471028,1.661255
514,514.0,1.517684,1.634132
515,515.0,1.45474,1.680451
516,516.0,1.471028,1.661255
517,517.0,1.517684,1.634132
518,518.0,1.465576,1.6798080000000002
519,519.0,1.471028,1.661255
520,520.0,1.517684,1.634132
521,521.0,1.4575695,1.689965
522,522.0,1.540262,1.612825
523,523.0,1.52491,1.619348
524,524.0,1.453798,1.6790005000000001
525,525.0,1.540262,1.612825
526,526.0,1.52491,1.619348
527,527.0,1.420512,1.7060099999999998
528,528.0,1.540262,1.612825
529,529.0,1.52491,1.619348
530,530.0,1.4312790000000002,1.705554
531,531.0,1.8051434999999998,1.5751705
532,532.0,1.669446,2.405221
533,533.0,1.417891,1.708934
534,534.0,1.8051434999999998,1.5751705
535,535.0,1.669446,2.405221
536,536.0,1.409692,1.718058
537,537.0,1.3997899999999999,1.7175040000000001
538,538.0,1.38258,1.715745
539,539.0,1.392191,1.749191
540,540.0,1.3997899999999999,1.7175040000000001
541,541.0,1.38258,1.715745
542,542.0,1.3890445000000002,1.7522005000000003
543,543.0,1.3997899999999999,1.7175040000000001
544,544.0,1.38258,1.715745
545,545.0,1.4008215,1.7444985000000002
546,546.0,1.3735840000000001,1.7476470000000002
547,547.0,1.3717795,1.74167
548,548.0,1.3856510000000002,1.7310815000000002
549,549.0,1.3735840000000001,1.7476470000000002
550,550.0,1.3717795,1.74167
551,551.0,1.346359,1.761832
552,552.0,1.3735840000000001,1.7476470000000002
553,553.0,1.3717795,1.74167
554,554.0,1.353104,1.7890830000000002
555,555.0,1.353825,1.7959060000000002
556,556.0,1.3495089999999998,1.7898869999999998
557,557.0,1.3636190000000001,1.769341
558,558.0,1.353825,1.7959060000000002
559,559.0,1.3495089999999998,1.7898869999999998
560,560.0,1.3093029999999999,1.800403
561,561.0,1.353825,1.7959060000000002
562,562.0,1.3495089999999998,1.7898869999999998
563,563.0,1.309481,1.8347799999999999
564,564.0,1.3041120000000002,1.82827
565,565.0,1.30319,1.8401715
566,566.0,1.307988,1.806673
567,567.0,1.3041120000000002,1.82827
568,568.0,1.30319,1.8401715
569,569.0,1.325109,1.820776
570,570.0,1.3041120000000002,1.82827
571,571.0,1.30319,1.8401715
572,572.0,1.28782,1.8343444999999998
573,573.0,1.556329,1.604855
574,574.0,1.3128525,1.810804
575,575.0,1.289541,1.853546
576,576.0,1.556329,1.604855
577,577.0,1.3128525,1.810804
578,578.0,1.281582,1.856916
579,579.0,1.556329,1.604855
580,580.0,1.3128525,1.810804
581,581.0,1.2899515,1.8544545000000001
582,582.0,1.138808,2.2191009999999998
583,583.0,1.1755719999999998,2.200526
584,584.0,1.253781,1.8772080000000002
585,585.0,1.138808,2.2191009999999998
586,586.0,1.1755719999999998,2.200526
587,587.0,1.246617,1.9038620000000002
588,588.0,1.2530999999999999,1.8851304999999998
589,589.0,1.2679394999999998,1.899902
590,590.0,1.246617,1.9038620000000002
591,591.0,1.2530999999999999,1.8851304999999998
592,592.0,1.2633145000000001,1.8602159999999999
593,593.0,1.246617,1.9038620000000002
594,594.0,1.2530999999999999,1.8851304999999998
595,595.0,1.241746,1.915791
596,596.0,1.251101,1.89384
597,597.0,1.245139,1.9016860000000002
598,598.0,1.245573,1.959891
599,599.0,1.251101,1.89384
600,600.0,1.245139,1.9016860000000002
601,601.0,1.231183,1.92215
602,602.0,1.251101,1.89384
603,603.0,1.245139,1.9016860000000002
604,604.0,1.239623,1.9257090000000001
605,605.0,1.2448915,1.9136195
606,606.0,1.223266,1.976716
607,607.0,1.234438,1.9407720000000002
608,608.0,1.2448915,1.9136195
609,609.0,1.223266,1.976716
610,610.0,1.208833,1.971206
611,611.0,1.2448915,1.9136195
612,612.0,1.223266,1.976716
613,613.0,1.2130020000000001,1.955209
614,614.0,1.2216360000000002,1.967958
615,615.0,1.2125795,1.966803
616,616.0,1.203494,1.966454
617,617.0,1.2216360000000002,1.967958
618,618.0,1.2125795,1.966803
619,619.0,1.215617,1.937871
620,620.0,1.2216360000000002,1.967958
621,621.0,1.2125795,1.966803
622,622.0,1.198249,2.020255
623,623.0,1.1911744999999998,2.0142375
624,624.0,1.188207,2.0077465
625,625.0,1.205745,1.9830459999999999
626,626.0,1.1911744999999998,2.0142375
627,627.0,1.188207,2.0077465
628,628.0,1.203084,2.0034485
629,629.0,1.1911744999999998,2.0142375
630,630.0,1.188207,2.0077465
631,631.0,1.1923525000000001,1.985775
632,632.0,1.464631,1.662194
633,633.0,1.25152,1.9192580000000001
634,634.0,1.190717,2.034003
635,635.0,1.464631,1.662194
636,636.0,1.25152,1.9192580000000001
637,637.0,1.182492,2.037614
638,638.0,1.464631,1.662194
639,639.0,1.25152,1.9192580000000001
640,640.0,1.177956,2.027861
641,641.0,1.2758205,2.393725
642,642.0,1.630454,2.460301
643,643.0,1.182626,2.05844
644,644.0,1.2758205,2.393725
645,645.0,1.630454,2.460301
646,646.0,1.1697635,2.088037
647,647.0,1.2758205,2.393725
648,648.0,1.630454,2.460301
649,649.0,1.1759225,2.065458
650,650.0,1.1638600000000001,2.058074
651,651.0,1.163957,2.072345
652,652.0,1.1781875,2.0499925
653,653.0,1.1638600000000001,2.058074
654,654.0,1.163957,2.072345
655,655.0,1.1651215,2.087342
656,656.0,1.1634520000000002,2.079198
657,657.0,1.1692799999999999,2.059964
658,658.0,1.158309,2.1077209999999997
659,659.0,1.1634520000000002,2.079198
660,660.0,1.1692799999999999,2.059964
661,661.0,1.16502,2.0740255000000003
662,662.0,1.1634520000000002,2.079198
663,663.0,1.1692799999999999,2.059964
664,664.0,1.168032,2.11427
665,665.0,1.16588,2.1214635
666,666.0,1.172565,2.1001765
667,667.0,1.154954,2.123055
668,668.0,1.16588,2.1214635
669,669.0,1.172565,2.1001765
670,670.0,1.1610075,2.131321
671,671.0,1.16588,2.1214635
672,672.0,1.172565,2.1001765
673,673.0,1.1691544999999999,2.1085659999999997
674,674.0,1.1535,2.129387
675,675.0,1.148763,2.1234954999999998
676,676.0,1.152485,2.1369279999999997
677,677.0,1.1535,2.129387
678,678.0,1.148763,2.1234954999999998
679,679.0,1.1527985,2.1364545
680,680.0,1.1535,2.129387
681,681.0,1.148763,2.1234954999999998
682,682.0,1.1461964999999998,2.1713709999999997
683,683.0,1.141054,2.189879
684,684.0,1.1474505,2.191318
685,685.0,1.1509049999999998,2.165428
686,686.0,1.141054,2.189879
687,687.0,1.1474505,2.191318
688,688.0,1.144625,2.2009075000000005
689,689.0,1.141054,2.189879
690,690.0,1.1474505,2.191318
691,691.0,1.149659,2.199195
692,692.0,1.149322,2.182415
693,693.0,1.1475790000000001,2.207807
694,694.0,1.146741,2.230848
695,695.0,1.149322,2.182415
696,696.0,1.1475790000000001,2.207807
697,697.0,1.141559,2.18998
698,698.0,1.149322,2.182415
699,699.0,1.1475790000000001,2.207807
700,700.0,1.1563809999999999,2.216611
701,701.0,1.148993,2.105661
702,702.0,1.1466865,2.135082
703,703.0,1.14317,2.17403
704,704.0,1.148993,2.105661
705,705.0,1.1466865,2.135082
706,706.0,1.146367,2.2585330000000003
707,707.0,1.144367,2.278355
708,708.0,1.143561,2.248389
709,709.0,1.136962,2.245207
710,710.0,1.144367,2.278355
711,711.0,1.143561,2.248389
712,712.0,1.140875,2.226897
713,713.0,1.144367,2.278355
714,714.0,1.143561,2.248389
715,715.0,1.1362329999999998,2.2432100000000004
716,716.0,1.1421005000000002,2.27194
717,717.0,1.1381169999999998,2.238655
718,718.0,1.136607,2.292096
719,719.0,1.1421005000000002,2.27194
720,720.0,1.1381169999999998,2.238655
721,721.0,1.1482035000000002,2.284335
722,722.0,1.1421005000000002,2.27194
723,723.0,1.1381169999999998,2.238655
724,724.0,1.135622,2.288092
725,725.0,1.1464385,2.2852465000000004
726,726.0,1.1442155,2.284231
727,727.0,1.1439219999999999,2.3064259999999996
728,728.0,1.1464385,2.2852465000000004
729,729.0,1.1442155,2.284231
730,730.0,1.140808,2.3042
731,731.0,1.1464385,2.2852465000000004
732,732.0,1.1442155,2.284231
733,733.0,1.143925,2.3391919999999997
734,734.0,1.140041,2.31549
735,735.0,1.140231,2.3260680000000002
736,736.0,1.1404795,2.3198065
737,737.0,1.140041,2.31549
738,738.0,1.140231,2.3260680000000002
739,739.0,1.1471365,2.312568
740,740.0,1.140041,2.31549
741,741.0,1.140231,2.3260680000000002
742,742.0,1.139401,2.3499
743,743.0,1.145123,2.363441
744,744.0,1.1387559999999999,2.3348345
745,745.0,1.1465649999999998,2.3520835
746,746.0,1.145123,2.363441
747,747.0,1.1387559999999999,2.3348345
748,748.0,1.1470895,2.3615965
749,749.0,1.145123,2.363441
750,750.0,1.1387559999999999,2.3348345
751,751.0,1.142699,2.3814905
752,752.0,1.152874,2.38084
753,753.0,1.1517879999999998,2.401638
754,754.0,1.1491655,2.4166375
755,755.0,1.152874,2.38084
756,756.0,1.1517879999999998,2.401638
757,757.0,1.1529835,2.3925359999999998
758,758.0,1.152874,2.38084
759,759.0,1.1517879999999998,2.401638
760,760.0,1.1379925,2.3735720000000002
761,761.0,1.1372985,2.3314830000000004
762,762.0,1.14008,2.3070095000000004
763,763.0,1.14288,2.4091139999999998
764,764.0,1.1372985,2.3314830000000004
765,765.0,1.14008,2.3070095000000004
766,766.0,1.1541925,2.418901
767,767.0,1.1372985,2.3314830000000004
768,768.0,1.14008,2.3070095000000004
769,769.0,1.150935,2.3944400000000003
770,770.0,3.940888,2.7446055
771,771.0,1.555935,3.390019
772,772.0,1.1537514999999998,2.420894
773,773.0,3.940888,2.7446055
774,774.0,1.555935,3.390019
775,775.0,1.153445,2.47841
776,776.0,1.149046,2.4428545
777,777.0,1.149807,2.466031
778,778.0,1.162287,2.432231
779,779.0,1.149046,2.4428545
780,780.0,1.149807,2.466031
781,781.0,1.1471930000000001,2.4416130000000003
782,782.0,1.149046,2.4428545
783,783.0,1.149807,2.466031
784,784.0,1.1589070000000001,2.4759260000000003
785,785.0,1.1579715,2.4807930000000002
786,786.0,1.161864,2.4409910000000004
787,787.0,1.152149,2.5130595000000002
788,788.0,1.1579715,2.4807930000000002
789,789.0,1.161864,2.4409910000000004
790,790.0,1.163658,2.513634
791,791.0,1.1579715,2.4807930000000002
792,792.0,1.161864,2.4409910000000004
793,793.0,1.1655705,2.4712575
794,794.0,1.1578564999999998,2.4631795
795,795.0,1.1505619999999999,2.47555
796,796.0,1.1607310000000002,2.5019095
797,797.0,1.1578564999999998,2.4631795
798,798.0,1.1505619999999999,2.47555
799,799.0,1.16244,2.509043
800,800.0,1.1578564999999998,2.4631795
801,801.0,1.1505619999999999,2.47555
802,802.0,1.165601,2.5338754999999997
803,803.0,1.1635550000000001,2.5537764999999997
804,804.0,1.166532,2.5249375
805,805.0,1.1626835,2.502919
806,806.0,1.1635550000000001,2.5537764999999997
807,807.0,1.166532,2.5249375
808,808.0,1.1569500000000001,2.5342010000000004
809,809.0,1.1635550000000001,2.5537764999999997
810,810.0,1.166532,2.5249375
811,811.0,1.169657,2.576835
812,812.0,1.182315,2.5761405
813,813.0,1.1728595,2.558352
814,814.0,1.170606,2.5713575
815,815.0,1.182315,2.5761405
816,816.0,1.1728595,2.558352
817,817.0,1.172454,2.52813
818,818.0,1.182315,2.5761405
819,819.0,1.1728595,2.558352
820,820.0,1.1780965,2.603637
821,821.0,1.153751,2.479155
822,822.0,1.150342,2.4951779999999997
823,823.0,1.182627,2.630007
824,824.0,1.153751,2.479155
825,825.0,1.150342,2.4951779999999997
826,826.0,1.1864569999999999,2.6196114999999995
827,827.0,1.153751,2.479155
828,828.0,1.150342,2.4951779999999997
829,829.0,1.1655674999999999,2.5617799999999997
830,830.0,4.541326000000001,3.676471
831,831.0,1.7425169999999999,3.702021
832,832.0,1.1965810000000001,2.6565440000000002
833,833.0,4.541326000000001,3.676471
834,834.0,1.7425169999999999,3.702021
835,835.0,1.1858415,2.6609175
836,836.0,1.184615,2.6235060000000003
837,837.0,1.183846,2.667393
